Frame,BodyCount,Joint#1_X,Joint#1_Y,Joint#1_Z,Joint#2_X,Joint#2_Y,Joint#2_Z,Joint#3_X,Joint#3_Y,Joint#3_Z,Joint#4_X,Joint#4_Y,Joint#4_Z,Joint#5_X,Joint#5_Y,Joint#5_Z,Joint#6_X,Joint#6_Y,Joint#6_Z,Joint#7_X,Joint#7_Y,Joint#7_Z,Joint#8_X,Joint#8_Y,Joint#8_Z,Joint#9_X,Joint#9_Y,Joint#9_Z,Joint#10_X,Joint#10_Y,Joint#10_Z,Joint#11_X,Joint#11_Y,Joint#11_Z,Joint#12_X,Joint#12_Y,Joint#12_Z,Joint#13_X,Joint#13_Y,Joint#13_Z,Joint#14_X,Joint#14_Y,Joint#14_Z,Joint#15_X,Joint#15_Y,Joint#15_Z,Joint#16_X,Joint#16_Y,Joint#16_Z,Joint#17_X,Joint#17_Y,Joint#17_Z,Joint#18_X,Joint#18_Y,Joint#18_Z,Joint#19_X,Joint#19_Y,Joint#19_Z,Joint#20_X,Joint#20_Y,Joint#20_Z,Joint#21_X,Joint#21_Y,Joint#21_Z,Joint#22_X,Joint#22_Y,Joint#22_Z,Joint#23_X,Joint#23_Y,Joint#23_Z,Joint#24_X,Joint#24_Y,Joint#24_Z,Joint#25_X,Joint#25_Y,Joint#25_Z
0,0,-2.02242,0.287562,3.60954,-2.04292,0.502536,3.58934,-2.05756,0.713395,3.55871,-2.10436,0.839515,3.57582,-2.40581,0.281804,3.56032,-2.33857,0.503705,3.54254,-2.26951,0.72364,3.53201,-2.26654,0.745725,3.52465,-1.96918,0.758038,3.54582,-1.86984,0.612789,3.5211,-2.02345,0.444227,3.51332,-2.03325,0.386295,3.52975,-2.048,0.261244,3.58316,-1.83648,0.0352268,3.54966,-1.90943,-0.276569,3.32966,-1.90205,-0.296255,3.20905,-1.96705,0.310246,3.58319,-1.94653,0.0105375,3.55085,-1.89843,-0.269823,3.52232,-1.86418,-0.216987,3.39813,-2.05471,0.659508,3.56792,-2.27072,0.798132,3.51076,-2.34911,0.712901,3.54375,-2.03383,0.33191,3.50251,-2.01287,0.34803,3.52271
,1
,2
,3
,4
,5
1,0,-2.04072,0.281799,3.60991,-2.05388,0.495892,3.59208,-2.06467,0.710456,3.56562,-2.09391,0.837939,3.57725,-2.4874,0.300395,3.56461,-2.37214,0.503656,3.55594,-2.31354,0.7261,3.53704,-2.28012,0.793643,3.53904,-1.95219,0.702539,3.54655,-1.90521,0.485307,3.53304,-2.06064,0.431406,3.50209,-2.04337,0.381867,3.52557,-2.07577,0.258467,3.5853,-1.8331,0.0641826,3.54711,-1.90483,-0.251491,3.33236,-1.89869,-0.270856,3.2117,-1.97829,0.301055,3.58249,-1.93256,0.00287422,3.55077,-1.88588,-0.278071,3.52867,-1.85656,-0.223442,3.40447,-2.06294,0.657432,3.57384,-2.26384,0.841912,3.51229,-2.31906,0.793515,3.54527,-2.04832,0.329475,3.52751,-2.03456,0.402507,3.50909
,1
,2
,3
,4
,5
2,0,-2.03945,0.283822,3.60885,-2.05355,0.496854,3.59193,-2.06406,0.707,3.56695,-2.0922,0.834587,3.57895,-2.48717,0.299325,3.56499,-2.36977,0.501443,3.55675,-2.31331,0.723852,3.52967,-2.32003,0.811038,3.52367,-1.95555,0.728028,3.54579,-1.90891,0.498244,3.53312,-2.0502,0.414325,3.49661,-2.03422,0.380514,3.53469,-2.07039,0.260378,3.58238,-1.96318,-0.0247371,3.55132,-2.00038,-0.319229,3.29967,-1.99157,-0.335005,3.17863,-1.97863,0.303104,3.58235,-1.92273,0.006095,3.55204,-1.88698,-0.276259,3.52956,-1.85803,-0.222048,3.40508,-2.06244,0.655264,3.57473,-2.32683,0.868651,3.52602,-2.34733,0.794417,3.53275,-2.03262,0.336455,3.52627,-2.03931,0.410094,3.5178
,1
,2
,3
,4
,5
3,0,-2.03819,0.28435,3.60917,-2.05582,0.524817,3.58857,-2.07272,0.763624,3.55852,-2.10634,0.871509,3.5748,-2.48988,0.323233,3.56046,-2.36552,0.521374,3.55025,-2.43591,0.710016,3.53128,-2.46119,0.773292,3.52768,-1.95636,0.732045,3.54539,-1.89023,0.569732,3.52797,-2.02441,0.443213,3.50093,-2.03294,0.406149,3.53843,-2.06918,0.261317,3.58235,-1.83287,0.0595935,3.5481,-1.90509,-0.263349,3.34504,-1.89793,-0.28451,3.22472,-1.97737,0.303185,3.58333,-1.94167,0.00414942,3.55318,-1.8866,-0.27516,3.52675,-1.85832,-0.221372,3.40196,-2.069,0.704616,3.56768,-2.52,0.798577,3.55425,-2.54305,0.717044,3.50847,-2.03136,0.361141,3.54119,-2.04377,0.446242,3.51557
,1
,2
,3
,4
,5
4,0,-2.03912,0.287595,3.60943,-2.0553,0.535076,3.58807,-2.0664,0.780653,3.55762,-2.12868,0.878283,3.57082,-2.48754,0.326667,3.56035,-2.35409,0.518793,3.53629,-2.29581,0.740257,3.50446,-2.2664,0.803533,3.527,-1.95592,0.732265,3.5453,-1.9024,0.565892,3.5257,-2.0292,0.435285,3.51846,-2.03182,0.393042,3.53411,-2.06971,0.264843,3.58324,-1.83707,0.0590701,3.55026,-1.90627,-0.268354,3.35361,-1.89889,-0.2902,3.23344,-1.97882,0.306342,3.58308,-1.95705,0.00668503,3.55376,-1.885,-0.26925,3.5313,-1.85742,-0.217545,3.40536,-2.0647,0.719799,3.56686,-2.25044,0.860626,3.5236,-2.31109,0.797199,3.5256,-2.03998,0.331844,3.51884,-2.04266,0.390887,3.517
,1
,2
,3
,4
,5
5,0,-2.0393,0.291743,3.60887,-2.05863,0.528741,3.58816,-2.07531,0.752286,3.55946,-2.11236,0.867598,3.57357,-2.49433,0.311345,3.56196,-2.36562,0.506839,3.54478,-2.30931,0.729846,3.5274,-2.29417,0.733714,3.51925,-1.96176,0.744413,3.54546,-1.88978,0.584541,3.52434,-1.91563,0.415783,3.51393,-1.93758,0.365419,3.53497,-2.06901,0.269595,3.58212,-1.83351,0.0670438,3.54497,-1.90585,-0.250565,3.33341,-1.89885,-0.270956,3.21292,-1.97967,0.310097,3.58313,-1.94529,0.0110111,3.54675,-1.88858,-0.267354,3.51208,-1.85789,-0.213455,3.38778,-2.07227,0.697453,3.56825,-2.26298,0.798333,3.5051,-2.34201,0.75711,3.50633,-1.92816,0.302287,3.5259,-1.97554,0.380308,3.51275
,1
,2
,3
,4
,5
6,0,-2.03988,0.292727,3.60926,-2.05985,0.531361,3.58891,-2.07651,0.76446,3.56098,-2.09619,0.870234,3.57459,-2.49756,0.313135,3.56295,-2.41011,0.528641,3.55445,-2.33365,0.746075,3.53723,-2.33498,0.775864,3.5532,-1.96308,0.746393,3.54563,-1.8947,0.584949,3.5268,-1.91322,0.415057,3.52202,-1.93464,0.361326,3.53525,-2.06958,0.270499,3.58261,-1.83469,0.067282,3.54546,-1.90783,-0.248045,3.33071,-1.9011,-0.268007,3.21015,-1.9804,0.311093,3.58347,-1.89097,0.0206174,3.5493,-1.96625,-0.248861,3.49701,-1.90599,-0.202154,3.37894,-2.07348,0.706436,3.5695,-2.28875,0.81858,3.52783,-2.35384,0.792829,3.55043,-1.93592,0.302462,3.52756,-1.96672,0.38361,3.51843
,1
,2
,3
,4
,5
7,0,-2.04045,0.291061,3.60978,-2.06343,0.526252,3.58926,-2.07994,0.761693,3.56048,-2.10136,0.866063,3.57507,-2.49884,0.315567,3.56249,-2.40951,0.530261,3.55766,-2.32234,0.743341,3.5317,-2.2852,0.759907,3.52689,-1.96351,0.746895,3.54601,-1.90183,0.582905,3.53114,-2.02776,0.432542,3.50603,-2.03091,0.379879,3.53759,-2.06989,0.268068,3.58245,-1.88614,0.0205221,3.54565,-1.94899,-0.28779,3.3175,-1.94091,-0.306605,3.19684,-1.9814,0.309744,3.58465,-2.00243,0.0124269,3.54872,-1.79039,-0.17655,3.4958,-1.80088,-0.154408,3.36162,-2.07734,0.703593,3.56935,-2.26969,0.813792,3.5265,-2.32375,0.78486,3.5015,-2.02677,0.316501,3.49051,-2.00628,0.346063,3.528
,1
,2
,3
,4
,5
8,0,-2.04006,0.289141,3.60956,-2.0613,0.522402,3.58927,-2.07481,0.74984,3.561,-2.10807,0.868657,3.57303,-2.49712,0.316292,3.56224,-2.40257,0.528992,3.54536,-2.31178,0.740163,3.51429,-2.26192,0.798413,3.52028,-1.964,0.746755,3.54602,-1.90335,0.58245,3.52972,-2.0248,0.435066,3.5133,-2.03014,0.38853,3.5357,-2.06996,0.2658,3.58161,-1.98673,-0.0258427,3.54503,-2.00146,-0.333972,3.3079,-1.98993,-0.35204,3.1872,-1.98046,0.307791,3.58495,-1.87981,0.020562,3.5468,-1.98373,-0.239428,3.49906,-1.91778,-0.197183,3.38196,-2.07276,0.694062,3.56967,-2.22525,0.858383,3.51713,-2.29276,0.817066,3.52017,-2.03189,0.345529,3.54103,-2.0331,0.416669,3.5001
,1
,2
,3
,4
,5
9,0,-2.04012,0.293722,3.6099,-2.06276,0.522929,3.58991,-2.08382,0.754385,3.56316,-2.1127,0.870922,3.57483,-2.50001,0.321109,3.56217,-2.37746,0.519802,3.53675,-2.40334,0.74532,3.55059,-2.37321,0.808255,3.57054,-1.96397,0.746509,3.54604,-1.90718,0.580943,3.53058,-2.02624,0.434469,3.50773,-2.02743,0.382803,3.53277,-2.06973,0.270756,3.5831,-1.96031,-0.0135636,3.54563,-1.99795,-0.315219,3.30289,-1.98806,-0.332552,3.18207,-1.9809,0.312074,3.58441,-1.9102,0.0173947,3.55684,-1.87497,-0.264205,3.52258,-1.85068,-0.212638,3.39618,-2.07922,0.696265,3.57141,-2.3323,0.841441,3.53603,-2.37122,0.774078,3.57167,-2.02219,0.340807,3.52713,-2.0393,0.422532,3.5215
,1
,2
,3
,4
,5
10,0,-2.0402,0.291245,3.61021,-2.06212,0.526879,3.59024,-2.07858,0.769107,3.5626,-2.10623,0.8761,3.57465,-2.50113,0.324042,3.56168,-2.36293,0.512808,3.53505,-2.36654,0.740239,3.55009,-2.32813,0.801132,3.55463,-1.96234,0.746163,3.546,-1.91868,0.552587,3.53439,-2.03419,0.431011,3.52331,-2.02995,0.380388,3.53698,-2.07019,0.267968,3.5831,-1.92388,-0.000778023,3.53568,-1.95668,-0.319388,3.31538,-2.00085,-0.381146,3.21896,-1.98064,0.310007,3.58495,-1.93024,0.0122757,3.55296,-1.8759,-0.26675,3.52079,-1.85099,-0.214202,3.39493,-2.07553,0.708687,3.57116,-2.34229,0.862562,3.55569,-2.2992,0.796839,3.51625,-2.04277,0.323796,3.51801,-2.03491,0.392613,3.507
,1
,2
,3
,4
,5
11,0,-2.04182,0.292363,3.61,-2.05743,0.531503,3.58985,-2.07515,0.779286,3.56327,-2.08997,0.875373,3.57858,-2.50307,0.326082,3.56084,-2.36535,0.515684,3.54257,-2.31546,0.739446,3.5157,-2.29508,0.806002,3.51352,-1.96172,0.745594,3.54581,-1.89289,0.584549,3.52301,-2.02969,0.432963,3.50469,-2.03524,0.381336,3.53854,-2.07128,0.268206,3.58299,-1.83855,0.0625175,3.54963,-1.91118,-0.253713,3.33608,-1.90431,-0.2735,3.21548,-1.98286,0.31187,3.58417,-1.92755,0.0147362,3.5522,-1.89011,-0.267139,3.52455,-1.85972,-0.215148,3.3992,-2.06858,0.715278,3.57107,-2.2948,0.825217,3.51206,-2.28462,0.802328,3.4975,-2.02451,0.340237,3.52072,-1.99999,0.33661,3.504
,1
,2
,3
,4
,5
12,0,-2.04311,0.294361,3.61005,-2.06515,0.53199,3.59027,-2.08948,0.765448,3.56301,-2.10179,0.862191,3.58303,-2.50889,0.322981,3.56097,-2.38599,0.521747,3.53954,-2.32269,0.742979,3.52081,-2.31111,0.797181,3.5389,-1.96292,0.746403,3.5457,-1.89332,0.585685,3.52249,-2.03439,0.432459,3.51212,-2.03079,0.384375,3.54,-2.0728,0.271474,3.58345,-1.84103,0.0647437,3.54994,-1.91324,-0.251451,3.33618,-1.90626,-0.271339,3.2156,-1.98398,0.313007,3.58401,-1.95451,0.0136203,3.54834,-1.8802,-0.261779,3.52603,-1.8533,-0.211063,3.39953,-2.08391,0.70787,3.57135,-2.2404,0.871253,3.50709,-2.2366,0.756303,3.50133,-2.03092,0.345015,3.54053,-1.99675,0.354544,3.51456
,1
,2
,3
,4
,5
13,0,-2.04319,0.289685,3.60931,-2.06514,0.528704,3.58899,-2.08432,0.762053,3.56023,-2.10903,0.859354,3.58093,-2.50691,0.322678,3.56087,-2.37111,0.513511,3.54057,-2.28133,0.726342,3.52808,-2.24287,0.795012,3.53445,-1.96497,0.747469,3.5455,-1.90156,0.584306,3.52401,-2.02339,0.428572,3.48941,-2.02476,0.374776,3.53312,-2.07244,0.265919,3.58185,-1.84566,0.0540176,3.55136,-1.92682,-0.251121,3.32491,-1.91997,-0.270009,3.20419,-1.98442,0.308964,3.58445,-1.93515,0.0111631,3.54937,-1.8822,-0.268639,3.52457,-1.85527,-0.215799,3.39912,-2.08051,0.70451,3.56901,-2.19708,0.849399,3.51716,-2.20664,0.753044,3.4762,-2.0412,0.312865,3.52118,-1.98954,0.357357,3.52175
,1
,2
,3
,4
,5
14,0,-2.04242,0.290202,3.60944,-2.05889,0.513906,3.59045,-2.06883,0.736357,3.56342,-2.10588,0.847641,3.58299,-2.50217,0.302439,3.56246,-2.39126,0.507808,3.54374,-2.30542,0.720486,3.50842,-2.2958,0.748462,3.52489,-1.96563,0.745045,3.54613,-1.87505,0.594375,3.52325,-2.03159,0.485452,3.51163,-2.03393,0.439174,3.53871,-2.07128,0.266519,3.58342,-1.83087,0.0693376,3.55065,-1.90035,-0.247112,3.33627,-1.89361,-0.266834,3.21562,-1.98399,0.309423,3.58321,-2.04989,0.0216378,3.53962,-1.84597,-0.181091,3.52435,-1.83093,-0.158696,3.38775,-2.0673,0.680479,3.5718,-2.27867,0.816712,3.52048,-2.22748,0.728115,3.4838,-2.03181,0.396978,3.53016,-1.99586,0.386267,3.52233
,1
,2
,3
,4
,5
15,0,-2.04319,0.291937,3.61,-2.06078,0.521978,3.59086,-2.071,0.744863,3.56373,-2.1053,0.841597,3.58539,-2.50376,0.310924,3.56303,-2.39282,0.516184,3.54275,-2.31837,0.734427,3.52986,-2.33269,0.799526,3.54256,-1.9624,0.744806,3.54612,-1.90632,0.579034,3.52977,-2.02767,0.38552,3.50823,-2.0287,0.332896,3.53325,-2.07253,0.268055,3.58281,-1.99959,-0.0421993,3.54687,-2.02725,-0.308306,3.26357,-2.01644,-0.322071,3.14223,-1.9837,0.31133,3.5853,-1.92509,0.0147341,3.54961,-1.88406,-0.266803,3.52361,-1.85532,-0.214642,3.39808,-2.06968,0.690402,3.57202,-2.29949,0.865684,3.51704,-2.28838,0.797214,3.51183,-2.03319,0.274593,3.50201,-2.00285,0.295739,3.52983
,1
,2
,3
,4
,5
16,0,-2.04224,0.290209,3.60909,-2.05747,0.53557,3.5884,-2.06871,0.802294,3.55713,-2.13016,0.890103,3.57555,-2.50526,0.333048,3.5609,-2.40101,0.541616,3.54952,-2.32397,0.758731,3.5302,-2.32679,0.827951,3.53525,-1.96389,0.746005,3.54624,-1.88331,0.589927,3.52611,-2.03024,0.431815,3.51761,-2.02783,0.382497,3.53368,-2.07194,0.266127,3.58231,-1.99654,-0.0372511,3.5468,-2.02655,-0.299998,3.26057,-2.01291,-0.40518,3.20222,-1.98216,0.309583,3.58356,-1.92627,0.0125454,3.55237,-1.87975,-0.267905,3.52195,-1.8511,-0.214382,3.3971,-2.06642,0.737395,3.56632,-2.34835,0.853201,3.527,-2.28526,0.809866,3.5105,-2.02967,0.316955,3.4955,-2.00135,0.359014,3.52357
,1
,2
,3
,4
,5
17,0,-2.04343,0.292438,3.60947,-2.06167,0.522529,3.58962,-2.08216,0.735691,3.56153,-2.11505,0.841223,3.58224,-2.51044,0.341144,3.55921,-2.36899,0.528224,3.54829,-2.31147,0.750589,3.52516,-2.28186,0.815621,3.55246,-1.96479,0.746679,3.5458,-1.88548,0.589943,3.52675,-2.02607,0.425036,3.49927,-2.03277,0.377129,3.53545,-2.07363,0.268859,3.58188,-1.96508,-0.0158752,3.55543,-2.00175,-0.312297,3.30603,-1.99122,-0.329208,3.1851,-1.98368,0.312072,3.58471,-1.93282,0.0144037,3.5516,-1.87941,-0.265265,3.52591,-1.8535,-0.213606,3.39974,-2.07774,0.679868,3.57046,-2.29611,0.849335,3.56275,-2.24476,0.816549,3.5336,-2.03605,0.339833,3.53652,-2.03543,0.397118,3.51536
,1
,2
,3
,4
,5
18,0,-2.04592,0.292463,3.60994,-2.06735,0.528102,3.5881,-2.07364,0.760239,3.55832,-2.0935,0.857402,3.5782,-2.52866,0.355644,3.55685,-2.38173,0.538482,3.5368,-2.31571,0.758733,3.54249,-2.27163,0.809268,3.54095,-1.96599,0.749743,3.54597,-1.90143,0.587001,3.52458,-2.02924,0.436342,3.5136,-2.0335,0.396902,3.53941,-2.07749,0.269085,3.58305,-1.95868,-0.0120793,3.55887,-1.99019,-0.307905,3.30793,-1.97864,-0.325194,3.18698,-1.98528,0.31195,3.58456,-1.93586,0.0141112,3.55153,-1.87692,-0.263448,3.5132,-1.85152,-0.210619,3.38758,-2.07336,0.702974,3.56731,-2.25123,0.856072,3.5251,-2.24082,0.787057,3.49283,-2.04109,0.333098,3.515,-2.0445,0.409428,3.51125
,1
,2
,3
,4
,5
19,0,-2.05795,0.291255,3.60996,-2.12127,0.523204,3.59208,-2.1809,0.753942,3.56699,-2.15946,0.852574,3.58486,-2.59629,0.332886,3.56181,-2.44092,0.509328,3.54552,-2.34508,0.719649,3.54326,-2.28454,0.781057,3.53691,-1.95306,0.7522,3.54383,-1.89826,0.586317,3.52152,-2.03872,0.407827,3.53493,-2.03863,0.341699,3.53357,-2.08971,0.269634,3.58231,-1.95726,-0.00617554,3.55628,-1.9928,-0.303115,3.3073,-1.98282,-0.319795,3.1863,-1.99668,0.308818,3.58524,-1.92351,0.0147198,3.54987,-1.8664,-0.264309,3.52474,-1.84545,-0.212551,3.39812,-2.16705,0.6967,3.57484,-2.25633,0.834138,3.52878,-2.24106,0.73317,3.515,-2.03383,0.290347,3.52019,-2.04364,0.326549,3.531
,1
,2
,3
,4
,5
20,0,-2.04863,0.293946,3.60989,-2.05508,0.560895,3.58437,-2.0656,0.806741,3.5517,-2.09623,0.904141,3.5726,-2.48329,0.38418,3.54749,-2.37969,0.592667,3.54388,-2.31038,0.81197,3.52387,-2.27546,0.862929,3.55277,-1.95779,0.755097,3.54437,-1.89839,0.590684,3.5213,-2.03527,0.428083,3.51783,-2.04191,0.375106,3.52979,-2.0799,0.271158,3.58177,-1.95094,-0.00610908,3.55404,-1.99196,-0.303981,3.30715,-1.97937,-0.322284,3.18638,-1.9875,0.312358,3.58557,-1.91951,0.0173758,3.54649,-1.87548,-0.264042,3.52581,-1.84674,-0.21265,3.3999,-2.06375,0.747032,3.56134,-2.28254,0.946937,3.53003,-2.22592,0.847188,3.514,-2.03865,0.323054,3.52818,-2.04429,0.380565,3.52567
,1
,2
,3
,4
,5
21,0,-2.0404,0.296242,3.6084,-2.06553,0.530003,3.58911,-2.09267,0.749809,3.56352,-2.1093,0.84764,3.58603,-2.49492,0.373463,3.55104,-2.38047,0.576734,3.54651,-2.31016,0.793985,3.50805,-2.2704,0.840015,3.52147,-1.95965,0.755747,3.54523,-1.9087,0.588643,3.52539,-2.02726,0.433732,3.51127,-2.03257,0.387258,3.54029,-2.07201,0.273632,3.58022,-1.96512,-0.0116536,3.55579,-1.99747,-0.311149,3.30951,-1.98607,-0.327849,3.18848,-1.97912,0.315026,3.58492,-1.92906,0.0172721,3.55028,-1.87611,-0.261871,3.51673,-1.84988,-0.210038,3.39071,-2.08665,0.696035,3.57137,-2.23749,0.860493,3.5031,-2.24907,0.842244,3.485,-2.04021,0.317883,3.51449,-2.04234,0.382079,3.53
,1
,2
,3
,4
,5
22,0,-2.04051,0.297462,3.60845,-2.0671,0.534045,3.58939,-2.08768,0.769101,3.56257,-2.05366,0.860787,3.58694,-2.4929,0.378373,3.55068,-2.38163,0.583188,3.54755,-2.29367,0.768646,3.51409,-2.26176,0.832904,3.53212,-1.95942,0.755803,3.54543,-1.90568,0.589511,3.5249,-2.02808,0.433344,3.51611,-2.02568,0.38633,3.53333,-2.07173,0.274401,3.5803,-1.96142,-0.00976215,3.55652,-1.99582,-0.308719,3.30988,-1.98438,-0.32551,3.18885,-1.97985,0.316764,3.58483,-1.91995,0.0202788,3.55138,-1.87428,-0.259667,3.514,-1.84841,-0.207842,3.38794,-2.08416,0.710102,3.57098,-2.22336,0.881786,3.51278,-2.2125,0.793435,3.51186,-2.03368,0.318329,3.51101,-2.03792,0.424139,3.498
,1
,2
,3
,4
,5
23,0,-2.03854,0.2936,3.60938,-2.06023,0.526755,3.58946,-2.07281,0.749894,3.56181,-2.11245,0.847077,3.58531,-2.48112,0.379975,3.55018,-2.38029,0.589304,3.55349,-2.27536,0.790458,3.50094,-2.22853,0.834991,3.52763,-1.95849,0.754992,3.54564,-1.89713,0.590965,3.52803,-2.03312,0.439349,3.51872,-2.03178,0.390462,3.53593,-2.06989,0.269219,3.58312,-1.95125,-0.0119859,3.55892,-1.99124,-0.310733,3.31295,-1.97993,-0.327729,3.19195,-1.97699,0.313365,3.58445,-1.94058,0.0143438,3.55106,-1.88765,-0.265361,3.5248,-1.85674,-0.213795,3.39935,-2.07021,0.695085,3.57026,-2.19859,0.860356,3.50781,-2.21402,0.838843,3.4855,-2.0363,0.331232,3.51251,-2.04962,0.381256,3.532
,1
,2
,3
,4
,5
24,0,-2.03823,0.29336,3.60957,-2.05857,0.529036,3.58965,-2.06997,0.766747,3.56078,-2.09608,0.863247,3.57771,-2.47715,0.385791,3.54955,-2.33955,0.575266,3.54169,-2.21664,0.75973,3.48137,-2.19014,0.818046,3.52844,-1.95808,0.754695,3.54558,-1.9017,0.589194,3.52499,-2.03206,0.437649,3.51695,-2.02766,0.392472,3.5294,-2.06987,0.269188,3.58294,-1.87405,0.0302952,3.54806,-1.98733,-0.253298,3.30806,-1.9806,-0.270086,3.1872,-1.97627,0.312705,3.58515,-1.9412,0.0136124,3.55104,-1.88865,-0.266086,3.52374,-1.85718,-0.214111,3.39858,-2.06792,0.706815,3.56967,-2.145,0.854353,3.48819,-2.13935,0.852101,3.479,-2.0368,0.332939,3.51585,-2.038,0.390964,3.50317
,1
,2
,3
,4
,5
25,0,-2.03832,0.296871,3.60921,-2.05816,0.528984,3.58911,-2.07457,0.7579,3.56003,-2.07953,0.852947,3.57758,-2.48081,0.382474,3.5493,-2.37278,0.588966,3.5426,-2.28586,0.799037,3.49505,-2.24063,0.848691,3.51764,-1.95784,0.754553,3.54529,-1.90534,0.58779,3.52762,-2.05169,0.508467,3.5209,-2.05613,0.473352,3.53234,-2.07,0.274184,3.58197,-1.99519,-0.0192692,3.54346,-2.02469,-0.30073,3.27596,-2.01205,-0.316208,3.1548,-1.97682,0.315341,3.58423,-1.93213,0.0170317,3.54845,-1.88508,-0.263577,3.52127,-1.85671,-0.211993,3.39542,-2.07129,0.701601,3.56894,-2.215,0.863515,3.49371,-2.209,0.853947,3.478,-2.04965,0.425836,3.52848,-2.04705,0.481943,3.51583
,1
,2
,3
,4
,5
26,0,-2.03682,0.277836,3.61008,-2.05215,0.471984,3.59797,-2.06316,0.674381,3.57693,-2.03785,0.792771,3.59197,-2.46169,0.295527,3.565,-2.35734,0.50405,3.55032,-2.26928,0.714488,3.50624,-2.24303,0.769994,3.53106,-1.93149,0.648849,3.56149,-1.86988,0.49686,3.48935,-2.03165,0.51986,3.52191,-2.04347,0.523997,3.53855,-2.06936,0.254398,3.58417,-1.94524,-0.0246317,3.55305,-1.98299,-0.338332,3.32662,-2.01316,-0.393026,3.2157,-1.97464,0.297109,3.58372,-1.94296,-0.00210569,3.55343,-1.87409,-0.278572,3.52766,-1.85022,-0.22333,3.40307,-2.06137,0.624365,3.58381,-2.19093,0.841835,3.51317,-2.19449,0.727326,3.499,-2.07191,0.534863,3.54744,-2.03338,0.571996,3.5271
,1
,2
,3
,4
,5
27,0,-2.03978,0.288942,3.60883,-2.06157,0.504486,3.58912,-2.07451,0.711,3.56253,-2.10202,0.825546,3.57933,-2.49977,0.358181,3.55218,-2.35477,0.542554,3.54161,-2.30855,0.767039,3.51682,-2.31991,0.807177,3.5352,-1.96319,0.729072,3.54565,-1.89684,0.567082,3.52443,-2.03035,0.42775,3.50254,-2.03204,0.381898,3.53374,-2.07081,0.263319,3.58272,-1.99698,-0.0303774,3.54994,-2.02109,-0.309191,3.27903,-2.00879,-0.32397,3.15776,-1.97931,0.310466,3.58259,-1.93711,0.0118991,3.55148,-1.88416,-0.2674,3.5199,-1.85524,-0.214259,3.39491,-2.0723,0.66008,3.57077,-2.30914,0.855974,3.51603,-2.28359,0.795655,3.5065,-2.02262,0.339905,3.51752,-2.02552,0.404424,3.53108
,1
,2
,3
,4
,5
28,0,-2.04035,0.2895,3.60905,-2.05559,0.515383,3.58888,-2.0621,0.737898,3.56069,-2.09087,0.841609,3.57991,-2.496,0.375747,3.55005,-2.35853,0.565205,3.54693,-2.29329,0.78365,3.50675,-2.2726,0.837227,3.53651,-1.96434,0.736405,3.54606,-1.89753,0.574522,3.5257,-2.03162,0.435682,3.51434,-2.03341,0.386311,3.54003,-2.07224,0.264333,3.58282,-1.95534,-0.0174928,3.55665,-1.99446,-0.315105,3.30915,-1.98289,-0.332044,3.18816,-1.97898,0.310522,3.58297,-1.92051,0.0138412,3.55561,-1.88491,-0.267503,3.51941,-1.85636,-0.215545,3.39376,-2.06152,0.683051,3.56931,-2.23784,0.864338,3.52011,-2.26313,0.831722,3.5469,-2.04312,0.333433,3.5185,-2.03316,0.414636,3.52575
,1
,2
,3
,4
,5
29,0,-2.04053,0.288911,3.60851,-2.05445,0.50555,3.5885,-2.06273,0.718541,3.56029,-2.08757,0.832099,3.57846,-2.49545,0.372167,3.54966,-2.39038,0.580137,3.53903,-2.34857,0.801155,3.48476,-2.33646,0.875272,3.46938,-1.96229,0.730128,3.54598,-1.89546,0.568273,3.52567,-2.03051,0.43722,3.51376,-2.03089,0.388321,3.53983,-2.07277,0.264665,3.58291,-1.95514,-0.0167524,3.54554,-1.99104,-0.31841,3.30255,-1.97925,-0.335729,3.18164,-1.97859,0.308761,3.58151,-1.93173,0.0106472,3.55074,-1.88503,-0.270231,3.52752,-1.85555,-0.217343,3.40248,-2.06153,0.66574,3.56893,-2.3642,0.90114,3.49483,-2.31472,0.864184,3.4449,-2.0407,0.318677,3.5145,-2.0238,0.365587,3.50625
,1
,2
,3
,4
,5
30,0,-2.04094,0.289983,3.60857,-2.05352,0.511165,3.58843,-2.06037,0.732512,3.55968,-2.07665,0.843044,3.57725,-2.49485,0.374485,3.54959,-2.34314,0.553518,3.53152,-2.29368,0.776812,3.50052,-2.26615,0.828763,3.52333,-1.96173,0.730654,3.54599,-1.89908,0.567177,3.52803,-2.03049,0.436007,3.51507,-2.02869,0.385423,3.53252,-2.07346,0.266586,3.58269,-1.95008,-0.0128291,3.5511,-1.99251,-0.310787,3.30462,-1.98104,-0.327891,3.18366,-1.97878,0.309243,3.58184,-1.94608,0.0099836,3.5529,-1.88254,-0.267304,3.52182,-1.85466,-0.214546,3.39648,-2.05956,0.677448,3.56849,-2.25976,0.860476,3.52159,-2.2306,0.804726,3.4984,-2.02888,0.324186,3.50551,-1.99649,0.365011,3.51891
,1
,2
,3
,4
,5
31,0,-2.04234,0.292797,3.60859,-2.06063,0.517864,3.58896,-2.07283,0.741408,3.56081,-2.06882,0.838356,3.57907,-2.49859,0.376563,3.54911,-2.37486,0.574786,3.54134,-2.25007,0.766087,3.49431,-2.22475,0.824987,3.53102,-1.95713,0.741067,3.54576,-1.90858,0.573232,3.53173,-2.02919,0.432259,3.50887,-2.02558,0.403977,3.53396,-2.07503,0.270469,3.58085,-1.95754,-0.0112055,3.55096,-1.99536,-0.310297,3.30506,-1.98366,-0.327336,3.18408,-1.97993,0.311117,3.58375,-1.93812,0.0125142,3.55146,-1.88629,-0.267191,3.52256,-1.85822,-0.215461,3.39674,-2.07112,0.685949,3.56942,-2.17743,0.872132,3.49816,-2.18068,0.784658,3.50483,-2.03345,0.360462,3.50149,-1.99848,0.365221,3.504
,1
,2
,3
,4
,5
32,0,-2.04375,0.297417,3.60856,-2.06307,0.544366,3.58814,-2.07583,0.793367,3.55916,-2.07374,0.885943,3.57232,-2.50448,0.394619,3.54862,-2.38517,0.595209,3.54377,-2.26223,0.787472,3.49606,-2.24695,0.813901,3.51205,-1.95778,0.739608,3.54571,-1.90469,0.573016,3.53037,-2.03116,0.434125,3.50952,-2.02533,0.406624,3.53753,-2.07614,0.27539,3.5817,-1.96021,-0.00687458,3.55074,-1.99936,-0.307145,3.30654,-1.98754,-0.324538,3.18563,-1.98169,0.315404,3.58298,-1.93428,0.0172945,3.55222,-1.88447,-0.262751,3.52328,-1.85666,-0.212444,3.39673,-2.07373,0.731667,3.568,-2.25443,0.849335,3.47256,-2.23862,0.814963,3.4546,-2.027,0.367991,3.52981,-1.9893,0.358048,3.52867
,1
,2
,3
,4
,5
33,0,-2.04689,0.300595,3.60917,-2.05862,0.535185,3.59162,-2.06707,0.758353,3.56697,-2.02553,0.859247,3.5808,-2.49945,0.418095,3.55248,-2.32458,0.57566,3.55028,-2.21052,0.723698,3.48731,-2.18833,0.774047,3.53008,-1.96463,0.755974,3.54355,-1.90135,0.592535,3.52933,-2.03243,0.432928,3.50914,-2.03282,0.37748,3.52965,-2.0811,0.278053,3.5838,-1.98309,-0.00990932,3.54888,-2.00642,-0.308604,3.30047,-1.9951,-0.324793,3.17939,-1.98331,0.318948,3.5821,-1.92771,0.0217907,3.55442,-1.88791,-0.259445,3.52221,-1.85725,-0.209496,3.39595,-2.06582,0.701581,3.57494,-2.13631,0.811628,3.49272,-2.14745,0.740175,3.5158,-2.04918,0.324329,3.52944,-2.00834,0.362625,3.52169
,1
,2
,3
,4
,5
34,0,-2.04383,0.291116,3.60876,-2.06918,0.522039,3.59274,-2.09886,0.732884,3.56833,-2.09523,0.852872,3.58395,-2.50219,0.406888,3.55272,-2.35842,0.591757,3.55066,-2.22437,0.776119,3.49996,-2.18219,0.823285,3.52712,-1.95687,0.7365,3.54371,-1.89998,0.571024,3.53424,-2.02338,0.424645,3.49332,-2.03399,0.374729,3.53762,-2.0796,0.268342,3.58388,-1.87891,0.0331122,3.55218,-1.98452,-0.248352,3.30597,-1.97873,-0.263707,3.18491,-1.97834,0.308896,3.58125,-1.93796,0.0101755,3.55434,-1.88339,-0.269337,3.52989,-1.85569,-0.217291,3.40415,-2.09385,0.677974,3.57619,-2.15226,0.853897,3.49594,-2.14108,0.795139,3.48929,-2.02593,0.329744,3.53203,-2.00739,0.33384,3.50833
,1
,2
,3
,4
,5
35,0,-2.04313,0.293093,3.60968,-2.06086,0.534629,3.59127,-2.07062,0.770388,3.56406,-2.09276,0.867117,3.58146,-2.49195,0.440943,3.54989,-2.34758,0.625005,3.55174,-2.31578,0.832573,3.52399,-2.26559,0.910492,3.52376,-1.95907,0.743796,3.54427,-1.89837,0.57954,3.52884,-2.02922,0.432976,3.51091,-2.0273,0.384562,3.53632,-2.07807,0.269024,3.58303,-1.95924,-0.0121556,3.55374,-1.99784,-0.307965,3.30394,-1.9867,-0.324386,3.18288,-1.97851,0.31273,3.58398,-1.92204,0.0157856,3.55011,-1.88184,-0.266031,3.52743,-1.855,-0.214928,3.40112,-2.06896,0.712491,3.57229,-2.27118,0.947614,3.53455,-2.24849,0.893326,3.502,-2.0257,0.344117,3.53153,-1.99163,0.356672,3.5152
,1
,2
,3
,4
,5
36,0,-2.04231,0.294103,3.60857,-2.05872,0.527798,3.59031,-2.0692,0.751074,3.56392,-2.07738,0.84677,3.58225,-2.49091,0.438869,3.54963,-2.35313,0.627579,3.55176,-2.2702,0.82312,3.48084,-2.23556,0.859968,3.52653,-1.95887,0.743205,3.54418,-1.89918,0.578602,3.52953,-2.02624,0.433237,3.51033,-2.03062,0.38209,3.535,-2.07739,0.270632,3.58216,-1.96144,-0.0116034,3.5528,-1.99692,-0.308823,3.3042,-1.98567,-0.325226,3.18312,-1.97752,0.31333,3.58264,-1.92229,0.0161782,3.55084,-1.8857,-0.266081,3.52835,-1.857,-0.215068,3.40226,-2.06758,0.69646,3.57198,-2.2058,0.869024,3.50213,-2.19989,0.861897,3.493,-2.03357,0.331101,3.49349,-2.00645,0.344398,3.53567
,1
,2
,3
,4
,5
37,0,-2.05252,0.291936,3.60905,-2.07969,0.519971,3.59034,-2.09915,0.743223,3.56293,-2.10676,0.8523,3.57939,-2.53279,0.429698,3.55084,-2.3841,0.610944,3.54646,-2.28906,0.821343,3.53961,-2.22319,0.855554,3.52776,-1.95597,0.739082,3.54577,-1.89835,0.573841,3.53094,-2.02826,0.439837,3.50907,-2.03094,0.393534,3.53706,-2.08531,0.267993,3.58083,-1.95767,-0.00976663,3.5579,-1.99442,-0.302602,3.30422,-1.98296,-0.318831,3.18307,-1.99064,0.311971,3.58474,-1.91936,0.0174528,3.5502,-1.87696,-0.26403,3.52656,-1.85049,-0.213091,3.40011,-2.09652,0.688015,3.57134,-2.25317,0.948229,3.53974,-2.25365,0.938165,3.51727,-2.02267,0.348399,3.52619,-2.00234,0.339194,3.52569
,1
,2
,3
,4
,5
38,0,-2.05433,0.291242,3.60982,-2.07096,0.519669,3.58938,-2.08046,0.742949,3.55975,-2.08524,0.856581,3.57645,-2.52387,0.428522,3.54993,-2.37136,0.606196,3.5544,-2.27887,0.815453,3.51586,-2.23077,0.852155,3.53132,-1.96109,0.742658,3.54603,-1.85938,0.601208,3.50704,-2.01833,0.438182,3.50422,-2.02731,0.388484,3.52952,-2.08686,0.267401,3.58238,-1.96599,-0.0130131,3.55822,-1.99843,-0.306294,3.30443,-1.98618,-0.32307,3.18338,-1.99242,0.310923,3.58503,-1.91721,0.017132,3.55447,-1.86706,-0.263068,3.5287,-1.84462,-0.211881,3.40192,-2.0792,0.687813,3.56891,-2.21778,0.945611,3.53411,-2.22316,0.858901,3.53364,-2.04312,0.333435,3.5185,-1.99553,0.34951,3.51438
,1
,2
,3
,4
,5
39,0,-2.05526,0.29581,3.60954,-2.07804,0.54392,3.58961,-2.08932,0.786029,3.56288,-2.12522,0.882235,3.58253,-2.55458,0.475357,3.54817,-2.36138,0.611281,3.5401,-2.23305,0.80282,3.5088,-2.19566,0.843142,3.5288,-1.96061,0.744674,3.54567,-1.89489,0.582501,3.52313,-2.03311,0.428063,3.52459,-2.0344,0.374074,3.53861,-2.0901,0.274822,3.58264,-1.95969,-0.00191597,3.55507,-1.99109,-0.300831,3.30792,-1.97897,-0.317717,3.18686,-1.99148,0.313652,3.58386,-1.92712,0.0178543,3.55104,-1.87086,-0.261288,3.5253,-1.84671,-0.210602,3.39846,-2.0881,0.727211,3.57097,-2.13719,0.87617,3.4997,-2.16645,0.857256,3.456,-2.03656,0.312158,3.51318,-1.9988,0.342796,3.51925
,1
,2
,3
,4
,5
40,0,-2.05526,0.297717,3.60884,-2.0739,0.542177,3.58867,-2.08191,0.780903,3.5607,-2.12619,0.875809,3.58335,-2.55431,0.474983,3.54787,-2.36173,0.611748,3.53986,-2.28196,0.806926,3.48474,-2.26664,0.846422,3.52337,-1.95999,0.744101,3.54554,-1.89681,0.58087,3.52544,-2.03115,0.440573,3.52459,-2.03314,0.383473,3.53739,-2.09047,0.276947,3.58192,-1.96092,-0.000163645,3.55252,-1.99458,-0.298169,3.30458,-1.98244,-0.315189,3.18356,-1.99068,0.314691,3.58295,-1.91324,0.0213944,3.54759,-1.86923,-0.260003,3.52653,-1.8457,-0.209815,3.39938,-2.08105,0.722396,3.56917,-2.23649,0.87729,3.53412,-2.31021,0.848206,3.514,-2.03739,0.321848,3.51451,-2.003,0.362521,3.52882
,1
,2
,3
,4
,5
41,0,-2.05603,0.302937,3.60844,-2.07119,0.535232,3.58979,-2.08193,0.760771,3.56356,-2.12289,0.869626,3.58099,-2.55643,0.469001,3.5479,-2.37151,0.615418,3.53186,-2.28987,0.775052,3.51678,-2.24325,0.818789,3.53903,-1.96386,0.745178,3.54598,-1.88579,0.587959,3.5265,-2.02582,0.435541,3.52468,-2.02631,0.404588,3.53693,-2.09119,0.28083,3.58192,-1.85479,0.0788401,3.55136,-1.9289,-0.235303,3.33525,-1.92034,-0.254608,3.21446,-1.99141,0.32019,3.58249,-1.96532,0.020546,3.55674,-1.87387,-0.247096,3.50739,-1.85009,-0.198358,3.37966,-2.08003,0.705242,3.57174,-2.20261,0.87673,3.5078,-2.25407,0.860127,3.521,-2.0457,0.356172,3.50548,-2.04505,0.433976,3.52619
,1
,2
,3
,4
,5
42,0,-2.05591,0.304809,3.60808,-2.06882,0.537516,3.58868,-2.07212,0.75916,3.56016,-2.12059,0.857159,3.58292,-2.55527,0.462411,3.54876,-2.39574,0.632633,3.56506,-2.3034,0.831892,3.53554,-2.25441,0.864154,3.53568,-1.96181,0.744355,3.5457,-1.89977,0.580525,3.53385,-1.99943,0.382767,3.46622,-1.99712,0.316988,3.40737,-2.09112,0.284445,3.58216,-1.86378,0.0728786,3.55065,-1.93821,-0.242858,3.33712,-1.92955,-0.26277,3.21649,-1.99094,0.320777,3.58169,-1.92957,0.0244182,3.55498,-1.89239,-0.257111,3.52256,-1.86204,-0.208199,3.39577,-2.07259,0.705625,3.56889,-2.23745,0.945713,3.53175,-2.29507,0.866086,3.549,-1.9923,0.271988,3.40032,-2.00199,0.349346,3.38031
,1
,2
,3
,4
,5
43,0,-2.05456,0.303961,3.60828,-2.05874,0.52385,3.58935,-2.06103,0.728735,3.56409,-2.11892,0.849359,3.58585,-2.54316,0.4496,3.55562,-2.36951,0.608564,3.5397,-2.25521,0.807514,3.50193,-2.22065,0.852875,3.53397,-1.96076,0.748691,3.54594,-1.89107,0.588233,3.52083,-2.03379,0.438536,3.50975,-2.03586,0.405128,3.53714,-2.08964,0.279562,3.58159,-1.85494,0.0757075,3.55207,-1.92959,-0.23931,3.3375,-1.92223,-0.2586,3.21679,-1.98977,0.323125,3.58261,-1.92564,0.0271826,3.55297,-1.88304,-0.254184,3.52752,-1.85433,-0.206109,3.40007,-2.06095,0.677299,3.57202,-2.17267,0.864431,3.50767,-2.23404,0.854573,3.54248,-2.02637,0.356494,3.52669,-2.02974,0.428631,3.51935
,1
,2
,3
,4
,5
44,0,-2.05386,0.302006,3.60826,-2.06623,0.52059,3.58965,-2.07536,0.732592,3.56285,-2.10192,0.847482,3.58371,-2.55092,0.4538,3.55507,-2.37038,0.605334,3.53933,-2.2733,0.813949,3.51169,-2.2241,0.847764,3.5236,-1.96039,0.745852,3.54578,-1.89645,0.566415,3.5193,-2.02925,0.424396,3.49722,-2.03124,0.383288,3.52658,-2.08896,0.279884,3.58107,-1.95944,0.00273823,3.55413,-1.99458,-0.296402,3.30784,-1.98368,-0.313243,3.18682,-1.98878,0.318878,3.58339,-1.9297,0.0222314,3.5494,-1.87965,-0.258177,3.52685,-1.85244,-0.20868,3.39983,-2.07423,0.680523,3.57115,-2.19106,0.873652,3.52426,-2.24971,0.852905,3.52567,-2.02916,0.341352,3.52395,-2.01879,0.347836,3.5004
,1
,2
,3
,4
,5
45,0,-2.05504,0.300078,3.60883,-2.0687,0.53035,3.58937,-2.07959,0.7623,3.56097,-2.10066,0.859497,3.58107,-2.55537,0.470534,3.5532,-2.38565,0.633488,3.54038,-2.27229,0.744838,3.46556,-2.23758,0.783949,3.50352,-1.95974,0.744927,3.54598,-1.89682,0.581453,3.52989,-2.03338,0.428257,3.5147,-2.02993,0.382681,3.54002,-2.09161,0.278963,3.58295,-1.96685,-5.87399e-005,3.55895,-1.996,-0.300722,3.31368,-1.98425,-0.318016,3.19272,-1.98911,0.316706,3.58299,-1.92178,0.0213576,3.55445,-1.84153,-0.249958,3.50697,-1.82731,-0.200418,3.37902,-2.07756,0.705065,3.56969,-2.21092,0.804963,3.47479,-2.23202,0.786629,3.51,-2.02678,0.341079,3.52477,-2.01379,0.337391,3.51101
,1
,2
,3
,4
,5
46,0,-2.05503,0.299893,3.60868,-2.06611,0.533583,3.58842,-2.06965,0.770682,3.55892,-2.10242,0.867043,3.57788,-2.55107,0.47435,3.55189,-2.35467,0.605754,3.53576,-2.27724,0.758325,3.52703,-2.24867,0.806314,3.54005,-1.96028,0.745909,3.5458,-1.89403,0.583671,3.52853,-2.03331,0.4287,3.51523,-2.02965,0.38428,3.5364,-2.09146,0.278653,3.5824,-1.95798,0.00320735,3.55876,-1.99255,-0.296358,3.3129,-1.98089,-0.313835,3.19196,-1.98907,0.316623,3.58302,-1.92502,0.0207281,3.55162,-1.83295,-0.246639,3.50182,-1.82285,-0.19748,3.37374,-2.07005,0.711854,3.56794,-2.21063,0.864994,3.54116,-2.29821,0.823466,3.5125,-2.03691,0.344934,3.53935,-1.99485,0.347724,3.521
,1
,2
,3
,4
,5
47,0,-2.05471,0.29907,3.60819,-2.06661,0.527018,3.58873,-2.07217,0.746941,3.5615,-2.09778,0.843496,3.57964,-2.55107,0.472062,3.55216,-2.38452,0.637858,3.5327,-2.31453,0.837069,3.5398,-2.25485,0.868886,3.5357,-1.96268,0.74505,3.54591,-1.89885,0.581932,3.5286,-2.0357,0.43497,3.51958,-2.03058,0.388066,3.53508,-2.09096,0.27687,3.58152,-1.88557,0.0452406,3.55434,-1.95618,-0.262665,3.32809,-1.94753,-0.281225,3.20729,-1.98886,0.316769,3.58249,-1.9524,0.0176475,3.55355,-1.84507,-0.243862,3.50163,-1.83146,-0.195134,3.37333,-2.0719,0.692597,3.56983,-2.26444,0.948847,3.54056,-2.26345,0.909786,3.51333,-2.04883,0.319947,3.5285,-2.04653,0.406453,3.52775
,1
,2
,3
,4
,5
48,0,-2.05615,0.299796,3.60898,-2.06892,0.526379,3.58923,-2.07593,0.747101,3.56133,-2.11536,0.852804,3.5834,-2.55246,0.472908,3.55209,-2.36096,0.610684,3.53033,-2.33544,0.830282,3.58198,-2.3154,0.885094,3.58788,-1.96246,0.745057,3.54591,-1.89901,0.581852,3.52747,-2.03427,0.437729,3.51516,-2.03127,0.39271,3.53479,-2.09209,0.278147,3.58184,-1.85379,0.0782289,3.55379,-1.91477,-0.222775,3.31515,-1.90545,-0.240839,3.19401,-1.99049,0.317171,3.58375,-1.98663,0.0176313,3.55798,-1.76847,-0.153799,3.47482,-1.79105,-0.140163,3.34267,-2.07516,0.692534,3.56989,-2.33397,0.959501,3.58735,-2.37974,0.871651,3.59875,-2.03461,0.328042,3.51251,-2.03245,0.361847,3.5448
,1
,2
,3
,4
,5
49,0,-2.05607,0.303721,3.60886,-2.06371,0.524306,3.58882,-2.0657,0.729944,3.56061,-2.0893,0.859369,3.58134,-2.54527,0.493347,3.54729,-2.34938,0.625478,3.53745,-2.3171,0.84071,3.53942,-2.27917,0.882158,3.53957,-1.96553,0.744287,3.54614,-1.90282,0.580744,3.53045,-2.02977,0.435371,3.52132,-2.02631,0.386649,3.5352,-2.09244,0.281325,3.58271,-1.84975,0.0865163,3.5503,-1.92107,-0.231148,3.33849,-1.91204,-0.251405,3.21783,-1.99011,0.321503,3.58281,-2.04053,0.0312496,3.51934,-1.82363,-0.155292,3.54371,-1.81851,-0.14354,3.40582,-2.06632,0.679427,3.56927,-2.29199,0.953839,3.55684,-2.34175,0.856431,3.558,-2.04295,0.31978,3.52701,-2.04768,0.384601,3.51586
,1
,2
,3
,4
,5
50,0,-2.05908,0.303822,3.60939,-2.07844,0.529348,3.58953,-2.10198,0.751109,3.56138,-2.1007,0.859858,3.58419,-2.57529,0.496265,3.54746,-2.36935,0.612942,3.53113,-2.20394,0.756655,3.44492,-2.15612,0.82808,3.49925,-1.96214,0.746056,3.5464,-1.85889,0.604148,3.51676,-2.03705,0.526434,3.50302,-2.03745,0.487323,3.53711,-2.09611,0.281993,3.58422,-1.85621,0.0839032,3.55301,-1.92596,-0.231736,3.33756,-1.91676,-0.251651,3.21683,-1.99286,0.321412,3.58282,-1.88201,0.0371623,3.54853,-2.00929,-0.21261,3.50654,-1.93635,-0.181082,3.38958,-2.09717,0.696482,3.56989,-2.14602,0.826039,3.4912,-2.14611,0.824234,3.483,-2.04441,0.444097,3.53649,-2.03977,0.518321,3.52082
,1
,2
,3
,4
,5
51,0,-2.06019,0.315998,3.60797,-2.06601,0.582282,3.5865,-2.0663,0.834267,3.55774,-2.11398,0.927616,3.57484,-2.55811,0.583658,3.54501,-2.38284,0.738427,3.5599,-2.28796,0.874138,3.50731,-2.23174,0.897827,3.53276,-1.96194,0.747008,3.54555,-1.90344,0.582011,3.53243,-2.03443,0.438784,3.52002,-2.03094,0.391564,3.5337,-2.0977,0.297478,3.5802,-1.8696,0.0865045,3.55032,-1.94399,-0.228455,3.33555,-1.93473,-0.248634,3.21494,-1.99303,0.330487,3.58308,-1.92399,0.0353264,3.55231,-1.87765,-0.244971,3.51934,-1.84993,-0.19873,3.39095,-2.06718,0.77202,3.5665,-2.24032,0.951056,3.55309,-2.20593,0.864469,3.4992,-2.04079,0.345299,3.52584,-2.04214,0.428175,3.53089
,1
,2
,3
,4
,5
52,0,-2.0574,0.305554,3.60839,-2.06348,0.531685,3.58622,-2.06693,0.7628,3.55575,-2.08498,0.866412,3.57973,-2.55844,0.505951,3.54165,-2.35685,0.629452,3.53845,-2.23824,0.749862,3.49582,-2.2115,0.785145,3.52556,-1.95446,0.729829,3.54458,-1.90831,0.500094,3.53357,-2.05777,0.427661,3.51896,-2.04266,0.393843,3.49974,-2.09547,0.284185,3.58023,-1.85986,0.0812217,3.55132,-1.93822,-0.230209,3.33279,-1.92867,-0.250386,3.21216,-1.98969,0.322186,3.58399,-1.93259,0.0251774,3.55316,-1.87759,-0.253522,3.51865,-1.84982,-0.204468,3.39151,-2.06705,0.705646,3.56495,-2.17179,0.842036,3.49467,-2.15858,0.771842,3.50017,-2.03301,0.372946,3.48348,-2.03289,0.391959,3.483
,1
,2
,3
,4
,5
53,0,-2.05656,0.301459,3.60784,-2.06215,0.527262,3.58599,-2.06272,0.746549,3.55562,-2.0856,0.858525,3.58029,-2.55794,0.503227,3.54113,-2.36582,0.63946,3.54727,-2.32234,0.830664,3.52895,-2.28724,0.870415,3.54675,-1.96395,0.743785,3.54589,-1.88858,0.58542,3.54249,-2.06691,0.666014,3.51093,-2.11077,0.695123,3.52357,-2.09463,0.278612,3.58076,-1.85667,0.0783511,3.54894,-1.93128,-0.237063,3.33493,-1.92131,-0.257602,3.21435,-1.98895,0.319505,3.58222,-1.92301,0.0238837,3.55154,-1.89022,-0.258636,3.5261,-1.85873,-0.209056,3.3998,-2.0636,0.692606,3.5649,-2.28365,0.950762,3.54554,-2.2109,0.899676,3.51193,-2.13721,0.703023,3.52569,-2.09886,0.724148,3.4984
,1
,2
,3
,4
,5
54,0,-2.05726,0.302402,3.6079,-2.06286,0.53992,3.58606,-2.06125,0.791191,3.55524,-2.08149,0.888749,3.57564,-2.5564,0.556097,3.53943,-2.34725,0.665279,3.54886,-2.21336,0.816765,3.48879,-2.17428,0.85602,3.52559,-1.96039,0.744511,3.54586,-1.90423,0.578801,3.53574,-2.06778,0.56405,3.50732,-2.12384,0.559605,3.50072,-2.09562,0.281287,3.58063,-1.85723,0.0814849,3.54911,-1.93111,-0.234911,3.33633,-1.92096,-0.255577,3.21575,-1.9896,0.319494,3.58255,-1.91976,0.0245834,3.55012,-1.88703,-0.258148,3.52846,-1.85689,-0.208961,3.40173,-2.06285,0.726976,3.56465,-2.1428,0.875933,3.51187,-2.13556,0.822386,3.50517,-2.18233,0.578889,3.48447,-2.08635,0.574697,3.4753
,1
,2
,3
,4
,5
55,0,-2.05998,0.310279,3.60809,-2.08969,0.531409,3.5903,-2.13408,0.738282,3.56668,-2.12944,0.852002,3.58416,-2.57323,0.549454,3.54208,-2.3717,0.672765,3.54157,-2.21058,0.832402,3.48256,-2.17255,0.865846,3.5068,-1.95944,0.743303,3.54597,-1.90082,0.578402,3.52972,-2.03258,0.43304,3.51896,-2.03051,0.388138,3.5363,-2.09825,0.290891,3.58183,-1.96215,0.0164327,3.55595,-2.00534,-0.280258,3.30801,-1.99339,-0.296212,3.18678,-1.99216,0.325225,3.58196,-1.91125,0.0325032,3.55198,-1.88323,-0.250495,3.52691,-1.85464,-0.204536,3.39851,-2.12667,0.686606,3.57458,-2.13101,0.87168,3.48119,-2.16724,0.865698,3.497,-2.03538,0.327557,3.5093,-2.0371,0.413177,3.50275
,1
,2
,3
,4
,5
56,0,-2.06241,0.283281,3.60835,-2.05928,0.504103,3.59218,-2.06119,0.727742,3.5651,-2.09009,0.845464,3.58781,-2.51232,0.535502,3.54259,-2.33952,0.687225,3.55715,-2.23307,0.813988,3.49243,-2.20415,0.844165,3.53694,-1.95951,0.68114,3.54489,-1.90015,0.503779,3.53076,-2.01904,0.356196,3.47771,-2.02883,0.32589,3.52423,-2.10557,0.265327,3.58098,-1.96739,-0.00797824,3.55865,-1.99592,-0.303955,3.30754,-1.98308,-0.319929,3.1863,-1.98857,0.296391,3.58375,-1.89926,0.00596049,3.54966,-1.8719,-0.277087,3.52559,-1.84785,-0.222643,3.40058,-2.06167,0.672469,3.57347,-2.16928,0.874677,3.51017,-2.23028,0.85531,3.5422,-2.03359,0.280716,3.51985,-2.01673,0.337907,3.50971
,1
,2
,3
,4
,5
57,0,-2.05393,0.297672,3.60781,-2.0594,0.544083,3.58794,-2.06214,0.797387,3.55811,-2.14227,0.871871,3.57472,-2.51379,0.597161,3.53698,-2.33731,0.751756,3.54277,-2.2929,0.913942,3.55671,-2.2712,0.953026,3.55656,-1.96531,0.751702,3.54594,-1.89975,0.589275,3.52668,-2.03315,0.422918,3.50895,-2.02881,0.384704,3.5316,-2.09395,0.27733,3.58064,-1.95473,0.00438104,3.55423,-1.99189,-0.294429,3.30784,-1.97837,-0.31172,3.18682,-1.98371,0.31431,3.58237,-1.92713,0.0172893,3.55208,-1.86718,-0.260227,3.51539,-1.84395,-0.208362,3.38903,-2.06243,0.737212,3.56693,-2.21286,0.947666,3.54312,-2.27384,0.951952,3.5518,-2.04378,0.322858,3.52551,-1.99574,0.361577,3.5154
,1
,2
,3
,4
,5
58,0,-2.0561,0.302599,3.60831,-2.0834,0.536562,3.59121,-2.11673,0.755377,3.56909,-2.2023,0.836693,3.58689,-2.56795,0.555201,3.54838,-2.34901,0.646621,3.53912,-2.1937,0.757887,3.5319,-2.14599,0.796069,3.53253,-1.9664,0.747776,3.54609,-1.89839,0.586327,3.52593,-2.03367,0.430556,3.51019,-2.02613,0.396074,3.52799,-2.09513,0.280607,3.58051,-1.956,0.00759464,3.55521,-1.99318,-0.291219,3.30882,-1.98181,-0.307126,3.18758,-1.9874,0.320853,3.58392,-1.92213,0.025119,3.55274,-1.87202,-0.254247,3.51646,-1.84651,-0.204421,3.38939,-2.11122,0.701098,3.57676,-2.08256,0.830855,3.51996,-2.1077,0.767805,3.51973,-2.04152,0.332096,3.5215,-1.99598,0.375278,3.51592
,1
,2
,3
,4
,5
59,0,-2.06242,0.314002,3.60909,-2.08452,0.554229,3.58946,-2.09592,0.791126,3.56025,-2.06301,0.870049,3.58218,-2.55732,0.598759,3.54327,-2.33792,0.688429,3.54223,-2.34007,0.856146,3.52136,-2.34802,0.827477,3.56096,-1.95846,0.737975,3.5465,-1.89745,0.573873,3.53052,-2.0252,0.431391,3.50463,-2.03299,0.378225,3.53506,-2.10124,0.293572,3.5826,-1.98342,0.0117658,3.55298,-2.01722,-0.2809,3.29864,-2.0042,-0.297538,3.17758,-1.99438,0.330082,3.5834,-1.93412,0.0334956,3.55032,-1.87588,-0.245153,3.52233,-1.84964,-0.199299,3.39358,-2.09456,0.733257,3.56912,-2.36326,0.836624,3.55451,-2.33749,0.823768,3.545,-2.03022,0.337348,3.53072,-2.00704,0.33168,3.51933
,1
,2
,3
,4
,5
60,0,-2.06151,0.311012,3.60834,-2.07729,0.54504,3.58837,-2.08169,0.772474,3.55942,-2.06265,0.860425,3.58257,-2.55601,0.596075,3.54319,-2.33596,0.68336,3.54829,-2.29437,0.847846,3.54084,-2.25928,0.870886,3.54102,-1.95923,0.738206,3.54667,-1.90036,0.573397,3.53074,-2.0259,0.430965,3.50266,-2.02862,0.373726,3.53055,-2.10067,0.28935,3.58112,-1.97609,0.0101251,3.55071,-2.01053,-0.285106,3.29951,-1.99757,-0.302014,3.17849,-1.99294,0.327829,3.58307,-1.92552,0.0324086,3.55165,-1.87943,-0.247811,3.51753,-1.85148,-0.200242,3.38976,-2.0818,0.716521,3.56825,-2.28285,0.952483,3.55271,-2.21987,0.855557,3.52184,-2.03544,0.313081,3.5055,-1.99522,0.340876,3.51589
,1
,2
,3
,4
,5
61,0,-2.06297,0.312103,3.60787,-2.07396,0.54622,3.58815,-2.07874,0.776864,3.56041,-2.09032,0.873871,3.5818,-2.55869,0.600457,3.54342,-2.37312,0.745167,3.54524,-2.20425,0.748587,3.49227,-2.15834,0.758996,3.53279,-1.95788,0.728156,3.54686,-1.86376,0.580765,3.51436,-2.01465,0.465901,3.46013,-2.03934,0.435509,3.52482,-2.10227,0.290789,3.58076,-1.96574,0.016537,3.55766,-2.00186,-0.279735,3.30795,-1.98915,-0.296591,3.18686,-1.994,0.328707,3.58281,-1.9121,0.036183,3.55136,-1.87557,-0.245771,3.52294,-1.84969,-0.199738,3.39422,-2.07853,0.719774,3.56891,-2.11815,0.762191,3.52329,-2.1461,0.704507,3.52553,-2.03985,0.394171,3.50348,-2.02889,0.454064,3.50756
,1
,2
,3
,4
,5
62,0,-2.06302,0.308927,3.60811,-2.06748,0.530974,3.5884,-2.06252,0.740282,3.56124,-2.09371,0.837277,3.58451,-2.55698,0.595055,3.54341,-2.33796,0.685091,3.54652,-2.21531,0.83246,3.48681,-2.18705,0.858858,3.5309,-1.96211,0.737428,3.54617,-1.90108,0.510953,3.52488,-2.01663,0.36326,3.47027,-2.02545,0.331801,3.52565,-2.10281,0.28798,3.58211,-1.96239,0.0154619,3.55534,-1.99096,-0.288804,3.31454,-1.97799,-0.30636,3.19355,-1.99359,0.324769,3.58264,-1.91841,0.0308175,3.5523,-1.87832,-0.250601,3.52259,-1.85111,-0.203057,3.39468,-2.06491,0.689235,3.56952,-2.136,0.877654,3.5062,-2.20073,0.869047,3.53144,-2.03664,0.318043,3.5075,-2.03112,0.317181,3.498
,1
,2
,3
,4
,5
63,0,-2.05932,0.30656,3.60825,-2.0647,0.523669,3.58892,-2.06542,0.741396,3.56262,-2.07846,0.838055,3.58321,-2.53028,0.563758,3.54385,-2.31748,0.667838,3.53563,-2.32878,0.840677,3.57656,-2.33975,0.84417,3.584,-1.97323,0.762047,3.54372,-1.89855,0.585797,3.52561,-2.02333,0.434202,3.51483,-2.0292,0.382,3.53455,-2.09805,0.284873,3.58222,-1.86138,0.0830547,3.55223,-1.93693,-0.230596,3.33591,-1.92811,-0.249986,3.21512,-1.99059,0.323362,3.5824,-1.94355,0.0250932,3.55104,-1.8931,-0.255114,3.52575,-1.86161,-0.206843,3.39885,-2.06601,0.686761,3.5707,-2.33459,0.869632,3.59656,-2.3613,0.833799,3.5645,-2.03526,0.326611,3.49649,-2.02355,0.390056,3.4926
,1
,2
,3
,4
,5
64,0,-2.05678,0.303613,3.60657,-2.05966,0.521727,3.58878,-2.05668,0.736789,3.5638,-2.09396,0.833125,3.58895,-2.52156,0.559003,3.54459,-2.39073,0.750796,3.55771,-2.21645,0.757145,3.53466,-2.15856,0.758597,3.53109,-1.96731,0.760569,3.5457,-1.90541,0.592184,3.52949,-2.02876,0.491491,3.4692,-2.04065,0.425578,3.513,-2.09589,0.28283,3.58062,-1.85195,0.0893638,3.55213,-1.92621,-0.226806,3.3391,-1.91744,-0.246084,3.21824,-1.98836,0.320907,3.58091,-1.9236,0.0250463,3.55207,-1.89244,-0.257147,3.51986,-1.86061,-0.207367,3.39371,-2.05847,0.683535,3.57155,-2.08162,0.757995,3.50061,-2.20053,0.811439,3.52167,-2.04058,0.407672,3.49597,-2.03072,0.410453,3.479
,1
,2
,3
,4
,5
65,0,-2.06583,0.306292,3.60739,-2.06183,0.535549,3.58994,-2.0592,0.759751,3.56309,-2.05491,0.852804,3.582,-2.54233,0.559105,3.54341,-2.34198,0.684519,3.53388,-2.27549,0.841501,3.52176,-2.23119,0.862041,3.54246,-1.95527,0.750236,3.54577,-1.91546,0.519418,3.5328,-2.04841,0.419333,3.51087,-2.03807,0.362548,3.53586,-2.10435,0.283466,3.58156,-1.86179,0.0883195,3.55311,-1.93117,-0.226048,3.33561,-1.92168,-0.24528,3.21473,-1.99651,0.324917,3.58132,-1.88592,0.0404814,3.55001,-1.99097,-0.220236,3.51123,-1.92447,-0.185659,3.39145,-2.06079,0.704398,3.5714,-2.22007,0.886268,3.53263,-2.24893,0.874881,3.5304,-2.03832,0.327167,3.52411,-2.02293,0.332449,3.5095
,1
,2
,3
,4
,5
66,0,-2.06362,0.306661,3.60733,-2.06221,0.537452,3.58975,-2.06167,0.766543,3.56269,-2.09336,0.863247,3.58305,-2.54291,0.561209,3.54331,-2.34286,0.687059,3.53407,-2.28019,0.845454,3.52179,-2.23206,0.862758,3.53142,-1.95738,0.752233,3.54605,-1.91706,0.521484,3.53308,-2.04926,0.421028,3.50673,-2.03524,0.367372,3.52795,-2.10229,0.283991,3.58095,-1.85974,0.0888383,3.55295,-1.931,-0.224374,3.33439,-1.92155,-0.243544,3.21349,-1.99449,0.325073,3.58174,-1.92592,0.0298778,3.55728,-1.87834,-0.250357,3.52592,-1.85081,-0.203279,3.39785,-2.06258,0.709659,3.57107,-2.22347,0.948024,3.5431,-2.26396,0.896207,3.52633,-2.03097,0.324199,3.52352,-2.01696,0.325579,3.51225
,1
,2
,3
,4
,5
67,0,-2.06118,0.303251,3.60787,-2.07314,0.533861,3.58891,-2.07814,0.768122,3.56188,-2.06682,0.858174,3.57859,-2.54836,0.558899,3.54331,-2.35619,0.69541,3.54438,-2.32318,0.860536,3.51807,-2.28016,0.90371,3.5345,-1.9553,0.727322,3.54694,-1.91335,0.5001,3.53278,-2.04973,0.413812,3.48213,-2.04054,0.355945,3.52299,-2.10028,0.282487,3.58136,-1.85709,0.088123,3.5523,-1.9275,-0.227255,3.33668,-1.91785,-0.246857,3.21585,-1.99158,0.319157,3.58239,-1.9851,0.0194725,3.55157,-1.7922,-0.189687,3.50376,-1.80052,-0.162549,3.37018,-2.07854,0.710044,3.5701,-2.28602,0.9507,3.54493,-2.28151,0.947862,3.534,-2.03401,0.322943,3.51384,-2.02496,0.331817,3.49037
,1
,2
,3
,4
,5
68,0,-2.06027,0.304928,3.60734,-2.07111,0.541621,3.58967,-2.07426,0.786231,3.5641,-2.04504,0.866032,3.57896,-2.54543,0.563108,3.54438,-2.34565,0.689386,3.53341,-2.34253,0.848012,3.58147,-2.35143,0.856561,3.57777,-1.95609,0.730501,3.54658,-1.9171,0.499628,3.53419,-2.06194,0.417759,3.52432,-2.04686,0.369036,3.52448,-2.09924,0.285162,3.58091,-1.85839,0.0880449,3.55219,-1.93207,-0.227286,3.33768,-1.92297,-0.246561,3.21683,-1.99092,0.320051,3.58186,-2.02614,0.0246987,3.55141,-1.8056,-0.158874,3.52149,-1.80888,-0.14577,3.38465,-2.07476,0.725151,3.57197,-2.4039,0.866454,3.59398,-2.38473,0.855335,3.57667,-2.04773,0.329381,3.5265,-2.03306,0.346034,3.501
,1
,2
,3
,4
,5
69,0,-2.05976,0.304085,3.60808,-2.07341,0.52626,3.58927,-2.08649,0.744777,3.56572,-2.06327,0.829937,3.58545,-2.55291,0.553536,3.54602,-2.34144,0.660181,3.54016,-2.27942,0.837255,3.52729,-2.28574,0.850467,3.53937,-1.95439,0.723946,3.54653,-1.91252,0.493547,3.53093,-2.02437,0.352049,3.4875,-2.02466,0.299171,3.53089,-2.0983,0.284013,3.58219,-1.8849,0.0477217,3.54891,-1.992,-0.242121,3.3136,-1.98477,-0.258576,3.1926,-1.99114,0.319863,3.58197,-1.9354,0.0226621,3.55433,-1.8841,-0.257256,3.52685,-1.85557,-0.20848,3.39968,-2.08451,0.689932,3.57282,-2.35349,0.868767,3.56702,-2.30996,0.845009,3.54817,-2.0105,0.251483,3.51455,-2.00504,0.250799,3.505
,1
,2
,3
,4
,5
70,0,-2.05998,0.303442,3.608,-2.07294,0.527256,3.58906,-2.08129,0.748709,3.56352,-2.06387,0.836573,3.58349,-2.55419,0.553469,3.54647,-2.36453,0.693706,3.53036,-2.28676,0.845737,3.52969,-2.23562,0.862477,3.53343,-1.95355,0.717335,3.54624,-1.90174,0.490132,3.53006,-2.05599,0.429705,3.51114,-2.10895,0.409966,3.50772,-2.09882,0.28366,3.58191,-1.96234,0.0094012,3.55281,-1.99482,-0.293424,3.31072,-1.9826,-0.31045,3.18967,-1.99109,0.31873,3.58208,-1.92789,0.0226362,3.55449,-1.87768,-0.257432,3.52656,-1.85148,-0.208335,3.39921,-2.08068,0.693682,3.57142,-2.25825,0.950372,3.54774,-2.26143,0.947609,3.536,-2.11421,0.367435,3.5012,-2.09133,0.381545,3.50064
,1
,2
,3
,4
,5
71,0,-2.06335,0.310703,3.60859,-2.07287,0.536265,3.59095,-2.05722,0.75639,3.56506,-2.06,0.851009,3.58281,-2.54293,0.553892,3.55081,-2.32747,0.652687,3.5359,-2.27017,0.830365,3.52288,-2.27964,0.844923,3.52436,-1.95062,0.712231,3.54586,-1.85964,0.564039,3.50716,-2.02995,0.43471,3.50631,-2.03277,0.390099,3.53111,-2.10049,0.289167,3.5819,-1.95918,0.0170311,3.55431,-1.99692,-0.2817,3.30787,-1.98567,-0.298252,3.18674,-1.99699,0.328082,3.5832,-1.9082,0.0371818,3.5536,-1.87726,-0.245501,3.52721,-1.85022,-0.199798,3.39848,-2.06265,0.701881,3.57331,-2.29842,0.858863,3.51979,-2.32489,0.839828,3.54125,-2.04025,0.337748,3.5135,-2.00415,0.338117,3.52
,1
,2
,3
,4
,5
72,0,-2.0605,0.304309,3.60865,-2.06705,0.5334,3.59026,-2.05867,0.759554,3.56377,-2.05188,0.851392,3.58095,-2.54079,0.554506,3.55062,-2.32602,0.654757,3.53822,-2.30931,0.832881,3.51988,-2.292,0.918355,3.56172,-1.95112,0.72192,3.54558,-1.88979,0.558235,3.52354,-2.03026,0.433138,3.51361,-2.02876,0.381316,3.53356,-2.0989,0.281757,3.58224,-1.95448,0.011148,3.55589,-1.99044,-0.288402,3.31017,-1.97907,-0.305204,3.18908,-1.99249,0.322309,3.58301,-1.9146,0.028918,3.55341,-1.87624,-0.25255,3.52157,-1.84742,-0.203982,3.39435,-2.06233,0.703517,3.5722,-2.3094,0.957398,3.56878,-2.28948,0.912269,3.5485,-2.02561,0.321821,3.49701,-2.0317,0.340324,3.542
,1
,2
,3
,4
,5
73,0,-2.0605,0.306797,3.60907,-2.06903,0.547516,3.59007,-2.07196,0.795424,3.56236,-2.0238,0.858592,3.58202,-2.54278,0.563492,3.55154,-2.32249,0.651645,3.53963,-2.32618,0.844166,3.53324,-2.3022,0.913463,3.53495,-2.05244,0.786134,3.5492,-1.90727,0.599279,3.52754,-1.92884,0.429971,3.52573,-1.94564,0.362683,3.53515,-2.09871,0.284534,3.58209,-1.97323,0.00616842,3.57087,-1.99843,-0.28901,3.31834,-1.98592,-0.30557,3.19717,-1.99247,0.324834,3.58382,-1.91903,0.0305217,3.55245,-1.87988,-0.250904,3.52117,-1.8539,-0.203232,3.39317,-2.07226,0.732369,3.57094,-2.29681,0.950154,3.54102,-2.31056,0.922711,3.56338,-1.94872,0.302943,3.52608,-1.99096,0.384971,3.52542
,1
,2
,3
,4
,5
74,0,-2.05851,0.303029,3.60874,-2.06412,0.535821,3.58985,-2.05775,0.750262,3.56049,-2.05195,0.843828,3.58515,-2.53095,0.521705,3.55065,-2.35232,0.675089,3.53476,-2.31554,0.843102,3.5347,-2.2902,0.885263,3.54701,-1.95621,0.724069,3.54909,-1.89184,0.56216,3.51905,-1.99178,0.428302,3.53014,-2.00626,0.360505,3.53703,-2.09667,0.279583,3.58251,-1.96514,0.00334469,3.56313,-1.99648,-0.294522,3.31465,-1.98413,-0.311577,3.19359,-1.99047,0.3213,3.58292,-1.95728,0.0219156,3.55106,-1.85831,-0.244471,3.51093,-1.83993,-0.19722,3.3821,-2.06078,0.697408,3.56992,-2.28482,0.952407,3.55207,-2.31506,0.902227,3.5624,-2.0385,0.302668,3.52376,-2.03858,0.398634,3.52275
,1
,2
,3
,4
,5
75,0,-2.05597,0.307096,3.60935,-2.064,0.536683,3.58795,-2.06657,0.758304,3.55964,-2.04668,0.845487,3.5815,-2.53834,0.532012,3.55171,-2.35103,0.673833,3.56132,-2.38028,0.835136,3.51903,-2.39182,0.889416,3.50765,-1.95341,0.751169,3.54227,-1.90715,0.521383,3.52795,-2.03906,0.419545,3.50847,-2.03019,0.360908,3.52942,-2.09275,0.286558,3.58254,-1.96199,0.0098239,3.55226,-1.99642,-0.292881,3.3103,-1.98523,-0.310764,3.18946,-1.98978,0.3235,3.58399,-1.91556,0.0293896,3.55015,-1.88556,-0.253238,3.52184,-1.85655,-0.205298,3.39437,-2.06687,0.703503,3.5683,-2.47324,0.963363,3.53497,-2.34708,0.91761,3.49966,-2.05103,0.301048,3.53251,-2.04551,0.300238,3.523
,1
,2
,3
,4
,5
76,0,-2.05733,0.309606,3.60972,-2.06345,0.566625,3.5881,-2.06115,0.802675,3.55791,-2.04233,0.890503,3.5778,-2.53206,0.601223,3.54849,-2.30497,0.670786,3.53262,-2.39356,0.83088,3.51775,-2.42487,0.884758,3.51553,-1.95726,0.752699,3.54312,-1.90763,0.52355,3.52689,-2.03844,0.426123,3.48219,-2.04202,0.374383,3.53101,-2.09539,0.290983,3.58329,-1.95987,0.0162602,3.55226,-1.99695,-0.284594,3.30837,-1.98536,-0.302566,3.18752,-1.99017,0.324492,3.58411,-1.92634,0.0284496,3.55307,-1.88403,-0.252614,3.52242,-1.85563,-0.20492,3.39475,-2.06266,0.745863,3.56697,-2.50625,0.958723,3.54287,-2.38004,0.912994,3.50758,-2.03825,0.319795,3.52751,-1.97539,0.338867,3.45204
,1
,2
,3
,4
,5
77,0,-2.06116,0.304,3.61165,-2.0845,0.530728,3.59377,-2.11632,0.747182,3.57067,-2.08199,0.827353,3.58709,-2.5866,0.544373,3.56059,-2.3711,0.642918,3.54129,-2.2995,0.830921,3.52381,-2.24738,0.877542,3.52826,-1.94863,0.715684,3.54782,-1.86872,0.560219,3.51879,-2.03952,0.609598,3.48243,-2.08988,0.669273,3.52407,-2.10027,0.284144,3.58507,-1.97029,0.00716169,3.5508,-2.0008,-0.28929,3.30047,-1.99002,-0.305336,3.17931,-1.99233,0.319681,3.58603,-1.92314,0.0246883,3.54993,-1.87637,-0.25562,3.51794,-1.84913,-0.206183,3.39089,-2.11214,0.693646,3.57864,-2.23931,0.944449,3.52632,-2.17644,0.893906,3.50836,-2.16714,0.660985,3.48224,-2.07463,0.676135,3.516
,1
,2
,3
,4
,5
78,0,-2.06342,0.304774,3.61098,-2.09282,0.52997,3.59195,-2.12311,0.748334,3.5667,-2.10703,0.835541,3.58215,-2.58841,0.544498,3.55982,-2.37165,0.640722,3.54552,-2.38995,0.833145,3.55723,-2.35705,0.900854,3.55574,-1.95191,0.726179,3.54717,-1.87466,0.569094,3.52146,-2.02354,0.567018,3.4367,-2.0747,0.566792,3.41133,-2.10242,0.284914,3.58421,-1.97394,0.00737185,3.54761,-2.00558,-0.288364,3.29657,-1.99465,-0.304859,3.17552,-1.99469,0.320351,3.58553,-1.91771,0.0268747,3.54969,-1.87415,-0.254034,3.51928,-1.84797,-0.205259,3.39179,-2.11731,0.694272,3.57529,-2.39479,0.962075,3.57394,-2.29805,0.838153,3.52155,-2.15187,0.558678,3.36952,-2.05964,0.575318,3.40332
,1
,2
,3
,4
,5
79,0,-2.05825,0.30705,3.60954,-2.06473,0.531039,3.58789,-2.066,0.74552,3.5588,-2.05524,0.836932,3.58157,-2.5327,0.562475,3.55351,-2.32832,0.681496,3.54526,-2.30439,0.841716,3.58542,-2.26922,0.855909,3.55351,-1.95945,0.726392,3.54731,-1.86734,0.576822,3.52355,-2.03016,0.492821,3.52456,-2.02483,0.438637,3.53081,-2.09717,0.287558,3.58298,-1.88752,0.0336221,3.5502,-1.99335,-0.250065,3.30673,-1.98632,-0.267121,3.1859,-1.98956,0.322235,3.5839,-1.93236,0.0252073,3.55216,-1.88175,-0.255002,3.52719,-1.85303,-0.206795,3.39978,-2.0666,0.692742,3.56758,-2.22201,0.869511,3.54514,-2.21628,0.867269,3.536,-2.03083,0.381825,3.50816,-2.02949,0.447617,3.48357
,1
,2
,3
,4
,5
80,0,-2.05753,0.309516,3.60868,-2.06684,0.531208,3.58806,-2.07435,0.746935,3.55999,-2.0799,0.843076,3.58329,-2.53893,0.562835,3.5537,-2.32173,0.657973,3.54354,-2.31311,0.825198,3.51519,-2.28448,0.84453,3.53495,-1.96055,0.738863,3.5473,-1.89634,0.576086,3.52586,-2.0234,0.430536,3.48354,-2.03495,0.378706,3.53528,-2.09627,0.289004,3.58235,-1.96189,0.0138053,3.55926,-1.997,-0.286215,3.31399,-1.98553,-0.303708,3.19304,-1.98926,0.325807,3.58283,-1.93314,0.0285839,3.55316,-1.88568,-0.251935,3.52516,-1.85577,-0.204693,3.39751,-2.07305,0.69359,3.5685,-2.25444,0.863284,3.51308,-2.25416,0.844141,3.493,-2.02889,0.33638,3.53419,-2.03922,0.414127,3.528
,1
,2
,3
,4
,5
81,0,-2.05802,0.309631,3.6089,-2.06745,0.530718,3.58907,-2.07062,0.748292,3.56086,-2.06397,0.847573,3.58208,-2.53955,0.563796,3.55318,-2.32801,0.669264,3.52705,-2.3125,0.842126,3.53038,-2.28518,0.876282,3.5399,-1.96336,0.7423,3.54682,-1.89894,0.5793,3.53516,-2.00562,0.382344,3.47866,-2.02428,0.344963,3.52324,-2.09654,0.290154,3.58217,-1.95385,0.018655,3.55192,-1.99645,-0.283909,3.31121,-1.98552,-0.301635,3.19032,-1.98984,0.324876,3.58392,-1.93385,0.0276615,3.55109,-1.88393,-0.252235,3.51998,-1.85467,-0.204034,3.39266,-2.07087,0.694356,3.56956,-2.28169,0.954727,3.56205,-2.22761,0.843884,3.48833,-2.00274,0.317958,3.50904,-2.02557,0.352171,3.5052
,1
,2
,3
,4
,5
82,0,-2.05798,0.30928,3.60895,-2.06669,0.529654,3.58935,-2.06849,0.746781,3.56192,-2.06753,0.84808,3.58227,-2.53959,0.563496,3.55354,-2.33434,0.68044,3.53789,-2.29567,0.845035,3.5164,-2.27047,0.866832,3.51278,-1.96273,0.743114,3.54667,-1.8993,0.579754,3.535,-2.04086,0.494222,3.50528,-2.04511,0.451725,3.53851,-2.09654,0.28977,3.58234,-1.86144,0.0861636,3.5515,-1.93322,-0.2297,3.33707,-1.925,-0.249572,3.21641,-1.98975,0.324442,3.58377,-1.92572,0.0284189,3.55225,-1.87565,-0.250932,3.51548,-1.84926,-0.202324,3.38794,-2.0691,0.692941,3.57036,-2.28119,0.94771,3.53337,-2.23435,0.861847,3.5315,-2.05396,0.411316,3.52748,-2.04054,0.473482,3.52544
,1
,2
,3
,4
,5
